{
  "eslint.config.js": 1776741473.9085786,
  "postcss.config.js": 1776742095.2564223,
  "tailwind.config.js": 1776743328.914866,
  "vite.config.ts": 1776741474.0862505,
  "src\\App.tsx": 1776743290.4103127,
  "src\\main.tsx": 1776743290.4134252,
  "src\\app\\app-routes.tsx": 1776743290.406476,
  "src\\app\\routes.ts": 1776742655.2147305,
  "src\\components\\code\\code-lab.tsx": 1776743141.3495932,
  "src\\components\\course\\concept-visuals.tsx": 1776742911.33156,
  "src\\components\\course\\module-viewer.tsx": 1776742965.0697415,
  "src\\components\\exam\\exam-simulator.tsx": 1776743743.3499007,
  "src\\components\\graph\\knowledge-graph.tsx": 1776743212.9721625,
  "src\\components\\home\\chapter-overview.tsx": 1776742844.89093,
  "src\\components\\home\\hero.tsx": 1776742817.8673737,
  "src\\components\\layout\\app-layout.tsx": 1776743372.2234893,
  "src\\components\\layout\\background-orbs.tsx": 1776742680.349891,
  "src\\components\\layout\\breadcrumbs.tsx": 1776742698.4339805,
  "src\\components\\layout\\sidebar.tsx": 1776742748.2084258,
  "src\\components\\quiz\\quiz-engine.tsx": 1776743016.007797,
  "src\\components\\revision\\revision-board.tsx": 1776743177.9124095,
  "src\\components\\ui\\progress-pill.tsx": 1776742724.281941,
  "src\\components\\videos\\video-gallery.tsx": 1776742867.9508975,
  "src\\context\\learning-context.tsx": 1776743570.795439,
  "src\\data\\code-exercises.ts": 1776743372.12881,
  "src\\data\\exams.ts": 1776743372.1434703,
  "src\\data\\knowledge-graph.ts": 1776743372.1456347,
  "src\\data\\modules.ts": 1776743372.1629946,
  "src\\data\\questions.ts": 1776743372.1957028,
  "src\\data\\revision.ts": 1776743372.1957028,
  "src\\data\\videos.ts": 1776743372.219492,
  "src\\pages\\code-lab-page.tsx": 1776743262.6740065,
  "src\\pages\\course-page.tsx": 1776743262.669143,
  "src\\pages\\exam-page.tsx": 1776743262.6740065,
  "src\\pages\\graph-page.tsx": 1776743262.6740065,
  "src\\pages\\home-page.tsx": 1776743241.0745914,
  "src\\pages\\not-found-page.tsx": 1776743262.6799777,
  "src\\pages\\quiz-page.tsx": 1776743262.6733663,
  "src\\pages\\revision-page.tsx": 1776743262.6799777,
  "src\\types\\content.ts": 1776742219.5735612,
  "src\\utils\\scoring.ts": 1776743372.2221255,
  "index.html": 1776741474.212209,
  "README.md": 1776743453.5646892,
  "tmp_agilite_xp_extract.txt": 1776745031.9715657,
  "agilite_xp_source.pdf": 1776545028.9643197,
  "public\\favicon.svg": 1776741474.0061502,
  "public\\icons.svg": 1776741474.0233603
}